username,first_name,last_name,email,phone
user1,John,Doe,john.doe@example.com,123-456-7890
user2,Jane,Doe,jane.doe@example.com,234-567-8901
user3,John,Smith,john.smith@example.com,345-678-9012
user4,Jane,Smith,jane.smith@example.com,456-789-0123
user5,John,Johnson,john.johnson@example.com,567-890-1234
user1,John,Doe,john.doe@example.com,123-456-7890
user2,Jane,Doe,jane.doe@example.com,234-567-8901
user3,John,Smith,john.smith@example.com,345-678-9012
user4,Jane,Smith,jane.smith@example.com,456-789-0123
user5,John,Johnson,john.johnson@example.com,567-890-1234
user1,John,Doe,john.doe@example.com,123-456-7890
user2,Jane,Doe,jane.doe@example.com,234-567-8901
user3,John,Smith,john.smith@example.com,345-678-9012
user4,Jane,Smith,jane.smith@example.com,456-789-0123
user5,John,Johnson,john.johnson@example.com,567-890-1234
user1,John,Doe,john.doe@example.com,123-456-7890
user2,Jane,Doe,jane.doe@example.com,234-567-8901
user3,John,Smith,john.smith@example.com,345-678-9012
user4,Jane,Smith,jane.smith@example.com,456-789-0123
user5,John,Johnson,john.johnson@example.com,567-890-1234
user1,John,Doe,john.doe@example.com,123-456-7890
user2,Jane,Doe,jane.doe@example.com,234-567-8901
user3,John,Smith,john.smith@example.com,345-678-9012
user4,Jane,Smith,jane.smith@example.com,456-789-0123
user5,John,Johnson,john.johnson@example.com,567-890-1234
user1,John,Doe,john.doe@example.com,123-456-7890
user2,Jane,Doe,jane.doe@example.com,234-567-8901
user3,John,Smith,john.smith@example.com,345-678-9012
user4,Jane,Smith,jane.smith@example.com,456-789-0123
user5,John,Johnson,john.johnson@example.com,567-890-1234
user1,John,Doe,john.doe@example.com,123-456-7890
user2,Jane,Doe,jane.doe@example.com,234-567-8901
user3,John,Smith,john.smith@example.com,345-678-9012
user4,Jane,Smith,jane.smith@example.com,456-789-0123
user5,John,Johnson,john.johnson@example.com,567-890-1234
user1,John,Doe,john.doe@example.com,123-456-7890
user2,Jane,Doe,jane.doe@example.com,234-567-8901
user3,John,Smith,john.smith@example.com,345-678-9012
user4,Jane,Smith,jane.smith@example.com,456-789-0123
user5,John,Johnson,john.johnson@example.com,567-890-1234
user1,John,Doe,john.doe@example.com,123-456-7890
user2,Jane,Doe,jane.doe@example.com,234-567-8901
user3,John,Smith,john.smith@example.com,345-678-9012
user4,Jane,Smith,jane.smith@example.com,456-789-0123
user5,John,Johnson,john.johnson@example.com,567-890-1234
user1,John,Doe,john.doe@example.com,123-456-7890
user2,Jane,Doe,jane.doe@example.com,234-567-8901
user3,John,Smith,john.smith@example.com,345-678-9012
user4,Jane,Smith,jane.smith@example.com,456-789-0123
user5,John,Johnson,john.johnson@example.com,567-890-1234
user1,John,Doe,john.doe@example.com,123-456-7890
user2,Jane,Doe,jane.doe@example.com,234-567-8901
user3,John,Smith,john.smith@example.com,345-678-9012
user4,Jane,Smith,jane.smith@example.com,456-789-0123
user5,John,Johnson,john.johnson@example.com,567-890-1234